lg(N),lg(M),N,M
6,7.247927513443586,64,152.0
7,8.43879185257826,128,347.0
8,9.618385502258606,256,786.0
9,10.768184324776927,512,1744.0
10,11.89973454235751,1024,3821.0
11,13.035486451292154,2048,8396.0
12,14.158925203806964,4096,18292.0
13,15.252554565354309,8192,39037.0
14,16.36127557776471,16384,84185.0
15,17.45940760340544,32768,180221.0
16,18.552443959009405,65536,384452.0
